event,time
add,1.938973186000112
search,75.92609453700015
