event,time
add,2.0476525860003676
search,76.19678592100036
